{"cameraMode":{"drawMode":0,"name":"Shaded","section":"Shading Mode"},"sceneLighting":true,"audioPlay":false,"sceneViewState":{"m_AlwaysRefresh":false,"showFog":true,"showSkybox":false,"showFlares":true,"showImageEffects":true,"showParticleSystems":true,"showVisualEffectGraphs":true,"m_FxEnabled":true},"in2DMode":false,"pivot":{"x":-12.168112754821778,"y":1.0294432640075684,"z":-3.7820093631744386},"rotation":{"x":-0.0021555074490606786,"y":0.8600404262542725,"z":-0.0036051245406270029,"w":-0.510272741317749},"size":5.410257816314697,"orthographic":false}